<?xml version="1.0" encoding="UTF-8"?>
<document type="com.apple.InterfaceBuilder3.CocoaTouch.Storyboard.XIB" version="3.0" toolsVersion="14313.18" targetRuntime="iOS.CocoaTouch" propertyAccessControl="none" useAutolayout="YES" useTraitCollections="YES" useSafeAreas="YES" colorMatched="YES" initialViewController="BYZ-38-t0r">
    <device id="retina4_7" orientation="portrait">
        <adaptation id="fullscreen"/>
    </device>
    <dependencies>
        <plugIn identifier="com.apple.InterfaceBuilder.IBCocoaTouchPlugin" version="14283.14"/>
        <capability name="Safe area layout guides" minToolsVersion="9.0"/>
        <capability name="documents saved in the Xcode 8 format" minToolsVersion="8.0"/>
    </dependencies>
    <scenes>
        <!--View Controller-->
        <scene sceneID="tne-QT-ifu">
            <objects>
                <viewController id="BYZ-38-t0r" customClass="ViewController" customModule="Cafe_App" customModuleProvider="target" sceneMemberID="viewController">
                    <view key="view" contentMode="scaleToFill" id="8bC-Xf-vdC">
                        <rect key="frame" x="0.0" y="0.0" width="375" height="667"/>
                        <autoresizingMask key="autoresizingMask" widthSizable="YES" heightSizable="YES"/>
                        <subviews>
                            <imageView userInteractionEnabled="NO" contentMode="scaleToFill" horizontalHuggingPriority="251" verticalHuggingPriority="251" fixedFrame="YES" image="image (1).png" translatesAutoresizingMaskIntoConstraints="NO" id="uAb-0v-2XN">
                                <rect key="frame" x="0.0" y="0.0" width="375" height="667"/>
                                <autoresizingMask key="autoresizingMask" flexibleMaxX="YES" flexibleMaxY="YES"/>
                            </imageView>
                            <button opaque="NO" contentMode="scaleToFill" fixedFrame="YES" contentHorizontalAlignment="center" contentVerticalAlignment="center" buttonType="roundedRect" lineBreakMode="middleTruncation" translatesAutoresizingMaskIntoConstraints="NO" id="aml-KV-mHG">
                                <rect key="frame" x="147" y="450" width="104" height="83"/>
                                <autoresizingMask key="autoresizingMask" flexibleMaxX="YES" flexibleMaxY="YES"/>
                                <connections>
                                    <segue destination="IgG-cE-Svf" kind="show" id="gEp-W2-a9r"/>
                                </connections>
                            </button>
                        </subviews>
                        <color key="backgroundColor" red="1" green="1" blue="1" alpha="1" colorSpace="custom" customColorSpace="sRGB"/>
                        <viewLayoutGuide key="safeArea" id="6Tk-OE-BBY"/>
                    </view>
                </viewController>
                <placeholder placeholderIdentifier="IBFirstResponder" id="dkx-z0-nzr" sceneMemberID="firstResponder"/>
            </objects>
            <point key="canvasLocation" x="766" y="134"/>
        </scene>
        <!--View Controller-->
        <scene sceneID="HJj-JV-m2F">
            <objects>
                <viewController id="IgG-cE-Svf" sceneMemberID="viewController">
                    <view key="view" contentMode="scaleToFill" id="ant-jd-XgC">
                        <rect key="frame" x="0.0" y="0.0" width="375" height="667"/>
                        <autoresizingMask key="autoresizingMask" widthSizable="YES" heightSizable="YES"/>
                        <subviews>
                            <imageView userInteractionEnabled="NO" contentMode="scaleToFill" horizontalHuggingPriority="251" verticalHuggingPriority="251" fixedFrame="YES" image="image.png" translatesAutoresizingMaskIntoConstraints="NO" id="7h3-eI-ZXr">
                                <rect key="frame" x="0.0" y="0.0" width="375" height="667"/>
                                <autoresizingMask key="autoresizingMask" flexibleMaxX="YES" flexibleMaxY="YES"/>
                            </imageView>
                            <button opaque="NO" contentMode="scaleToFill" fixedFrame="YES" contentHorizontalAlignment="center" contentVerticalAlignment="center" buttonType="roundedRect" lineBreakMode="middleTruncation" translatesAutoresizingMaskIntoConstraints="NO" id="THJ-UW-RkM">
                                <rect key="frame" x="135" y="183" width="118" height="46"/>
                                <autoresizingMask key="autoresizingMask" flexibleMaxX="YES" flexibleMaxY="YES"/>
                                <connections>
                                    <segue destination="d41-p2-MGb" kind="show" id="MGW-Vz-EC4"/>
                                </connections>
                            </button>
                            <button opaque="NO" contentMode="scaleToFill" fixedFrame="YES" contentHorizontalAlignment="center" contentVerticalAlignment="center" buttonType="roundedRect" lineBreakMode="middleTruncation" translatesAutoresizingMaskIntoConstraints="NO" id="2RC-nx-sWI">
                                <rect key="frame" x="135" y="266" width="118" height="46"/>
                                <autoresizingMask key="autoresizingMask" flexibleMaxX="YES" flexibleMaxY="YES"/>
                                <connections>
                                    <segue destination="ObC-be-pl8" kind="show" id="YF7-ox-qVe"/>
                                </connections>
                            </button>
                            <button opaque="NO" contentMode="scaleToFill" fixedFrame="YES" contentHorizontalAlignment="center" contentVerticalAlignment="center" buttonType="roundedRect" lineBreakMode="middleTruncation" translatesAutoresizingMaskIntoConstraints="NO" id="zFY-gy-7Ud">
                                <rect key="frame" x="135" y="354" width="118" height="46"/>
                                <autoresizingMask key="autoresizingMask" flexibleMaxX="YES" flexibleMaxY="YES"/>
                                <connections>
                                    <segue destination="7AR-bW-sdC" kind="show" id="ROp-2P-XK8"/>
                                </connections>
                            </button>
                        </subviews>
                        <color key="backgroundColor" white="1" alpha="1" colorSpace="custom" customColorSpace="genericGamma22GrayColorSpace"/>
                        <viewLayoutGuide key="safeArea" id="TMe-st-Nqa"/>
                    </view>
                </viewController>
                <placeholder placeholderIdentifier="IBFirstResponder" id="Hm7-MJ-Tc3" userLabel="First Responder" sceneMemberID="firstResponder"/>
            </objects>
            <point key="canvasLocation" x="1436" y="133.5832083958021"/>
        </scene>
        <!--View Controller-->
        <scene sceneID="U0X-e3-iUP">
            <objects>
                <viewController id="d41-p2-MGb" sceneMemberID="viewController">
                    <view key="view" contentMode="scaleToFill" id="bZg-iZ-tSF">
                        <rect key="frame" x="0.0" y="0.0" width="375" height="667"/>
                        <autoresizingMask key="autoresizingMask" widthSizable="YES" heightSizable="YES"/>
                        <subviews>
                            <imageView userInteractionEnabled="NO" contentMode="scaleToFill" horizontalHuggingPriority="251" verticalHuggingPriority="251" fixedFrame="YES" image="image (3).png" translatesAutoresizingMaskIntoConstraints="NO" id="rt2-vx-OCk">
                                <rect key="frame" x="0.0" y="0.0" width="375" height="667"/>
                                <autoresizingMask key="autoresizingMask" flexibleMaxX="YES" flexibleMaxY="YES"/>
                            </imageView>
                            <button opaque="NO" contentMode="scaleToFill" fixedFrame="YES" contentHorizontalAlignment="center" contentVerticalAlignment="center" buttonType="roundedRect" lineBreakMode="middleTruncation" translatesAutoresizingMaskIntoConstraints="NO" id="Sbp-Qr-fLH">
                                <rect key="frame" x="89" y="19" width="30" height="30"/>
                                <autoresizingMask key="autoresizingMask" flexibleMaxX="YES" flexibleMaxY="YES"/>
                                <connections>
                                    <segue destination="ObC-be-pl8" kind="show" id="7Fc-di-fxk"/>
                                </connections>
                            </button>
                            <button opaque="NO" contentMode="scaleToFill" fixedFrame="YES" contentHorizontalAlignment="center" contentVerticalAlignment="center" buttonType="roundedRect" lineBreakMode="middleTruncation" translatesAutoresizingMaskIntoConstraints="NO" id="Wtz-fY-qQ5">
                                <rect key="frame" x="283" y="173" width="30" height="30"/>
                                <autoresizingMask key="autoresizingMask" flexibleMaxX="YES" flexibleMaxY="YES"/>
                            </button>
                            <button opaque="NO" contentMode="scaleToFill" fixedFrame="YES" contentHorizontalAlignment="center" contentVerticalAlignment="center" buttonType="roundedRect" lineBreakMode="middleTruncation" translatesAutoresizingMaskIntoConstraints="NO" id="eC8-Vp-pl1">
                                <rect key="frame" x="285" y="173" width="30" height="30"/>
                                <autoresizingMask key="autoresizingMask" flexibleMaxX="YES" flexibleMaxY="YES"/>
                            </button>
                            <button opaque="NO" contentMode="scaleToFill" fixedFrame="YES" contentHorizontalAlignment="center" contentVerticalAlignment="center" buttonType="roundedRect" lineBreakMode="middleTruncation" translatesAutoresizingMaskIntoConstraints="NO" id="Hvc-2Y-dwx">
                                <rect key="frame" x="285" y="383" width="30" height="30"/>
                                <autoresizingMask key="autoresizingMask" flexibleMaxX="YES" flexibleMaxY="YES"/>
                            </button>
                            <button opaque="NO" contentMode="scaleToFill" fixedFrame="YES" contentHorizontalAlignment="center" contentVerticalAlignment="center" buttonType="roundedRect" lineBreakMode="middleTruncation" translatesAutoresizingMaskIntoConstraints="NO" id="fDT-5A-REy">
                                <rect key="frame" x="285" y="569" width="30" height="30"/>
                                <autoresizingMask key="autoresizingMask" flexibleMaxX="YES" flexibleMaxY="YES"/>
                            </button>
                            <button opaque="NO" contentMode="scaleToFill" fixedFrame="YES" contentHorizontalAlignment="center" contentVerticalAlignment="center" buttonType="roundedRect" lineBreakMode="middleTruncation" translatesAutoresizingMaskIntoConstraints="NO" id="IbZ-hk-ynU">
                                <rect key="frame" x="20" y="19" width="30" height="30"/>
                                <autoresizingMask key="autoresizingMask" flexibleMaxX="YES" flexibleMaxY="YES"/>
                                <connections>
                                    <segue destination="IgG-cE-Svf" kind="show" id="3Mj-kG-sNm"/>
                                </connections>
                            </button>
                        </subviews>
                        <color key="backgroundColor" white="1" alpha="1" colorSpace="custom" customColorSpace="genericGamma22GrayColorSpace"/>
                        <viewLayoutGuide key="safeArea" id="Vjh-Tf-sal"/>
                    </view>
                </viewController>
                <placeholder placeholderIdentifier="IBFirstResponder" id="4mH-d0-rlN" userLabel="First Responder" sceneMemberID="firstResponder"/>
            </objects>
            <point key="canvasLocation" x="2088.8000000000002" y="131.78410794602701"/>
        </scene>
        <!--View Controller-->
        <scene sceneID="L0H-XX-7Vd">
            <objects>
                <viewController id="ObC-be-pl8" sceneMemberID="viewController">
                    <view key="view" contentMode="scaleToFill" id="qxt-I3-TTO">
                        <rect key="frame" x="0.0" y="0.0" width="375" height="667"/>
                        <autoresizingMask key="autoresizingMask" widthSizable="YES" heightSizable="YES"/>
                        <subviews>
                            <imageView userInteractionEnabled="NO" contentMode="scaleToFill" horizontalHuggingPriority="251" verticalHuggingPriority="251" fixedFrame="YES" image="image (4).png" translatesAutoresizingMaskIntoConstraints="NO" id="odM-Ic-FxU">
                                <rect key="frame" x="0.0" y="0.0" width="375" height="667"/>
                                <autoresizingMask key="autoresizingMask" flexibleMaxX="YES" flexibleMaxY="YES"/>
                            </imageView>
                            <button opaque="NO" contentMode="scaleToFill" fixedFrame="YES" contentHorizontalAlignment="center" contentVerticalAlignment="center" buttonType="roundedRect" lineBreakMode="middleTruncation" translatesAutoresizingMaskIntoConstraints="NO" id="DiV-rK-obO">
                                <rect key="frame" x="10" y="10" width="30" height="30"/>
                                <autoresizingMask key="autoresizingMask" flexibleMaxX="YES" flexibleMaxY="YES"/>
                            </button>
                            <button opaque="NO" contentMode="scaleToFill" fixedFrame="YES" contentHorizontalAlignment="center" contentVerticalAlignment="center" buttonType="roundedRect" lineBreakMode="middleTruncation" translatesAutoresizingMaskIntoConstraints="NO" id="3F2-Oa-Ywa">
                                <rect key="frame" x="285" y="175" width="30" height="30"/>
                                <autoresizingMask key="autoresizingMask" flexibleMaxX="YES" flexibleMaxY="YES"/>
                                <connections>
                                    <segue destination="d41-p2-MGb" kind="show" id="2Bd-e3-M1p"/>
                                </connections>
                            </button>
                            <button opaque="NO" contentMode="scaleToFill" fixedFrame="YES" contentHorizontalAlignment="center" contentVerticalAlignment="center" buttonType="roundedRect" lineBreakMode="middleTruncation" translatesAutoresizingMaskIntoConstraints="NO" id="wgr-XT-k6c">
                                <rect key="frame" x="285" y="383" width="30" height="30"/>
                                <autoresizingMask key="autoresizingMask" flexibleMaxX="YES" flexibleMaxY="YES"/>
                            </button>
                            <button opaque="NO" contentMode="scaleToFill" fixedFrame="YES" contentHorizontalAlignment="center" contentVerticalAlignment="center" buttonType="roundedRect" lineBreakMode="middleTruncation" translatesAutoresizingMaskIntoConstraints="NO" id="fgO-B9-lvS">
                                <rect key="frame" x="87" y="16" width="30" height="30"/>
                                <autoresizingMask key="autoresizingMask" flexibleMaxX="YES" flexibleMaxY="YES"/>
                                <connections>
                                    <segue destination="7AR-bW-sdC" kind="show" id="f9r-iW-oM4"/>
                                </connections>
                            </button>
                            <button opaque="NO" contentMode="scaleToFill" fixedFrame="YES" contentHorizontalAlignment="center" contentVerticalAlignment="center" buttonType="roundedRect" lineBreakMode="middleTruncation" translatesAutoresizingMaskIntoConstraints="NO" id="kxg-L8-baR">
                                <rect key="frame" x="285" y="567" width="30" height="30"/>
                                <autoresizingMask key="autoresizingMask" flexibleMaxX="YES" flexibleMaxY="YES"/>
                            </button>
                        </subviews>
                        <color key="backgroundColor" white="1" alpha="1" colorSpace="custom" customColorSpace="genericGamma22GrayColorSpace"/>
                        <viewLayoutGuide key="safeArea" id="CHs-bs-qQY"/>
                    </view>
                </viewController>
                <placeholder placeholderIdentifier="IBFirstResponder" id="V9m-zd-Hlg" userLabel="First Responder" sceneMemberID="firstResponder"/>
            </objects>
            <point key="canvasLocation" x="2757.5999999999999" y="131.78410794602701"/>
        </scene>
        <!--View Controller-->
        <scene sceneID="Kkw-Bm-ndT">
            <objects>
                <viewController id="7AR-bW-sdC" sceneMemberID="viewController">
                    <view key="view" contentMode="scaleToFill" id="N1x-eh-n9C">
                        <rect key="frame" x="0.0" y="0.0" width="375" height="667"/>
                        <autoresizingMask key="autoresizingMask" widthSizable="YES" heightSizable="YES"/>
                        <subviews>
                            <imageView userInteractionEnabled="NO" contentMode="scaleToFill" horizontalHuggingPriority="251" verticalHuggingPriority="251" fixedFrame="YES" image="image (5).png" translatesAutoresizingMaskIntoConstraints="NO" id="a92-x1-WBk">
                                <rect key="frame" x="0.0" y="0.0" width="375" height="667"/>
                                <autoresizingMask key="autoresizingMask" flexibleMaxX="YES" flexibleMaxY="YES"/>
                            </imageView>
                            <button opaque="NO" contentMode="scaleToFill" fixedFrame="YES" contentHorizontalAlignment="center" contentVerticalAlignment="center" buttonType="roundedRect" lineBreakMode="middleTruncation" translatesAutoresizingMaskIntoConstraints="NO" id="K9u-Uh-AVi">
                                <rect key="frame" x="24" y="15" width="30" height="30"/>
                                <autoresizingMask key="autoresizingMask" flexibleMaxX="YES" flexibleMaxY="YES"/>
                                <connections>
                                    <segue destination="ObC-be-pl8" kind="show" id="Ola-tn-WP3"/>
                                </connections>
                            </button>
                            <button opaque="NO" contentMode="scaleToFill" fixedFrame="YES" contentHorizontalAlignment="center" contentVerticalAlignment="center" buttonType="roundedRect" lineBreakMode="middleTruncation" translatesAutoresizingMaskIntoConstraints="NO" id="tCN-YN-gVx">
                                <rect key="frame" x="286" y="178" width="30" height="30"/>
                                <autoresizingMask key="autoresizingMask" flexibleMaxX="YES" flexibleMaxY="YES"/>
                            </button>
                            <button opaque="NO" contentMode="scaleToFill" fixedFrame="YES" contentHorizontalAlignment="center" contentVerticalAlignment="center" buttonType="roundedRect" lineBreakMode="middleTruncation" translatesAutoresizingMaskIntoConstraints="NO" id="OfN-Me-Evn">
                                <rect key="frame" x="286" y="390" width="30" height="30"/>
                                <autoresizingMask key="autoresizingMask" flexibleMaxX="YES" flexibleMaxY="YES"/>
                            </button>
                            <button opaque="NO" contentMode="scaleToFill" fixedFrame="YES" contentHorizontalAlignment="center" contentVerticalAlignment="center" buttonType="roundedRect" lineBreakMode="middleTruncation" translatesAutoresizingMaskIntoConstraints="NO" id="cgb-6B-7Eq">
                                <rect key="frame" x="90" y="15" width="30" height="30"/>
                                <autoresizingMask key="autoresizingMask" flexibleMaxX="YES" flexibleMaxY="YES"/>
                                <connections>
                                    <segue destination="S3q-oS-Clp" kind="show" id="StH-6D-qnU"/>
                                </connections>
                            </button>
                            <button opaque="NO" contentMode="scaleToFill" fixedFrame="YES" contentHorizontalAlignment="center" contentVerticalAlignment="center" buttonType="roundedRect" lineBreakMode="middleTruncation" translatesAutoresizingMaskIntoConstraints="NO" id="3z8-WY-5my">
                                <rect key="frame" x="286" y="569" width="30" height="30"/>
                                <autoresizingMask key="autoresizingMask" flexibleMaxX="YES" flexibleMaxY="YES"/>
                            </button>
                        </subviews>
                        <color key="backgroundColor" white="1" alpha="1" colorSpace="custom" customColorSpace="genericGamma22GrayColorSpace"/>
                        <viewLayoutGuide key="safeArea" id="Ndg-6s-UgL"/>
                    </view>
                </viewController>
                <placeholder placeholderIdentifier="IBFirstResponder" id="iOX-gQ-a3X" userLabel="First Responder" sceneMemberID="firstResponder"/>
            </objects>
            <point key="canvasLocation" x="3424.8000000000002" y="133.5832083958021"/>
        </scene>
        <!--View Controller-->
        <scene sceneID="Agb-a1-hx2">
            <objects>
                <viewController id="S3q-oS-Clp" sceneMemberID="viewController">
                    <view key="view" contentMode="scaleToFill" id="Dn2-x6-n8v">
                        <rect key="frame" x="0.0" y="0.0" width="375" height="667"/>
                        <autoresizingMask key="autoresizingMask" widthSizable="YES" heightSizable="YES"/>
                        <subviews>
                            <imageView userInteractionEnabled="NO" contentMode="scaleToFill" horizontalHuggingPriority="251" verticalHuggingPriority="251" fixedFrame="YES" image="image (6).png" translatesAutoresizingMaskIntoConstraints="NO" id="cYd-6u-RzC">
                                <rect key="frame" x="0.0" y="0.0" width="375" height="667"/>
                                <autoresizingMask key="autoresizingMask" flexibleMaxX="YES" flexibleMaxY="YES"/>
                            </imageView>
                            <button opaque="NO" contentMode="scaleToFill" fixedFrame="YES" contentHorizontalAlignment="center" contentVerticalAlignment="center" buttonType="roundedRect" lineBreakMode="middleTruncation" translatesAutoresizingMaskIntoConstraints="NO" id="vwH-HG-vaW">
                                <rect key="frame" x="97" y="546" width="186" height="30"/>
                                <autoresizingMask key="autoresizingMask" flexibleMaxX="YES" flexibleMaxY="YES"/>
                                <connections>
                                    <segue destination="IgG-cE-Svf" kind="show" id="rSf-YP-H5c"/>
                                </connections>
                            </button>
                            <button opaque="NO" contentMode="scaleToFill" fixedFrame="YES" contentHorizontalAlignment="center" contentVerticalAlignment="center" buttonType="roundedRect" lineBreakMode="middleTruncation" translatesAutoresizingMaskIntoConstraints="NO" id="AEv-rl-7oQ">
                                <rect key="frame" x="154" y="584" width="90" height="30"/>
                                <autoresizingMask key="autoresizingMask" flexibleMaxX="YES" flexibleMaxY="YES"/>
                                <connections>
                                    <segue destination="nxF-FQ-K90" kind="show" id="XHY-rG-Max"/>
                                </connections>
                            </button>
                        </subviews>
                        <color key="backgroundColor" white="1" alpha="1" colorSpace="custom" customColorSpace="genericGamma22GrayColorSpace"/>
                        <viewLayoutGuide key="safeArea" id="Ty5-PE-sPu"/>
                    </view>
                </viewController>
                <placeholder placeholderIdentifier="IBFirstResponder" id="FEN-NE-QV9" userLabel="First Responder" sceneMemberID="firstResponder"/>
            </objects>
            <point key="canvasLocation" x="4088.8000000000002" y="134.48275862068968"/>
        </scene>
        <!--View Controller-->
        <scene sceneID="m0B-xD-TTs">
            <objects>
                <viewController id="nxF-FQ-K90" sceneMemberID="viewController">
                    <view key="view" contentMode="scaleToFill" id="ht2-qf-lN9">
                        <rect key="frame" x="0.0" y="0.0" width="375" height="667"/>
                        <autoresizingMask key="autoresizingMask" widthSizable="YES" heightSizable="YES"/>
                        <subviews>
                            <imageView userInteractionEnabled="NO" contentMode="scaleToFill" horizontalHuggingPriority="251" verticalHuggingPriority="251" fixedFrame="YES" image="image (7).png" translatesAutoresizingMaskIntoConstraints="NO" id="FWY-1W-GdC">
                                <rect key="frame" x="0.0" y="0.0" width="375" height="667"/>
                                <autoresizingMask key="autoresizingMask" flexibleMaxX="YES" flexibleMaxY="YES"/>
                            </imageView>
                        </subviews>
                        <color key="backgroundColor" white="1" alpha="1" colorSpace="custom" customColorSpace="genericGamma22GrayColorSpace"/>
                        <viewLayoutGuide key="safeArea" id="A53-y4-BUp"/>
                    </view>
                </viewController>
                <placeholder placeholderIdentifier="IBFirstResponder" id="yuG-Xr-s9E" userLabel="First Responder" sceneMemberID="firstResponder"/>
            </objects>
            <point key="canvasLocation" x="4759.1999999999998" y="133.5832083958021"/>
        </scene>
    </scenes>
    <resources>
        <image name="image (1).png" width="780" height="1688"/>
        <image name="image (3).png" width="780" height="1688"/>
        <image name="image (4).png" width="780" height="1688"/>
        <image name="image (5).png" width="780" height="1688"/>
        <image name="image (6).png" width="780" height="1688"/>
        <image name="image (7).png" width="780" height="1688"/>
        <image name="image.png" width="780" height="1688"/>
    </resources>
    <inferredMetricsTieBreakers>
        <segue reference="ROp-2P-XK8"/>
        <segue reference="YF7-ox-qVe"/>
        <segue reference="MGW-Vz-EC4"/>
        <segue reference="gEp-W2-a9r"/>
    </inferredMetricsTieBreakers>
</document>
